sci3-me-001.GTCGGAGTTTGAGGTAGAA	35344.000000	37644.000000
sci3-me-001.ATTAGTCTGTGTATAATACG	58583.000000	26203.000000
sci3-me-001.GAGGAACTTAATACCATCC	10691.000000	25870.000000
sci3-me-001.TTCGCGGATACTCTCTCAA	30857.000000	36022.000000
sci3-me-001.ACTGGTTATTTGCGCCATCT	35205.000000	51712.000000
sci3-me-001.TGGTCGAATGATCGCTTCT	31552.000000	46250.000000
sci3-me-001.TTGGCGACTGCTCAGCCGG	37155.000000	38946.000000
sci3-me-001.ATAAGCGAATTAGATCTACT	21831.000000	29858.000000
sci3-me-001.GTCGGAGTTTAGACTTCTT	23428.000000	48366.000000
sci3-me-001.AATACCGAATAATTATCAGC	33425.000000	53473.000000
