cell_id,annotation,prediction_score
CCTAAGACAGAACTCT,plasmablast,0.602587822401498
GTTCATTCACTCATAG,plasmablast,0.7092986019126999
GAGGGATCAATTCACG,B cell,0.7908523032899499
AACAGGGCATGACTTG,hematopoietic stem cell,0.7309207332200821
CCTCCAAGTGCCCGTA,plasmablast,0.7114575684600641
CCATCACGTACCTATG,B cell,1.0
GCGATCGGTGATTGGG,hematopoietic stem cell,0.9433084017236979
AGTACCAGTAGTAAGT,plasmablast,0.751685257508346
TCTACATCACAGAGAC,plasmablast,0.700644881185326
CCACTTGGTACTCCGG,plasma cell,1.0
ACTTTGTTCTTTGCAT,hematopoietic stem cell,0.939858407541739
CATGCTCTCGAGAAGC,plasma cell,1.0
TCTACATTCCCAAGCG,plasma cell,1.0
TGGAGGACACGCGTGT,hematopoietic stem cell,0.330550439372868
TTGCATTCAATGTTGC,B cell,1.0
AGCCAGCTCCACCTCA,plasmablast,0.44273656191849897
AAGCAGTGGTATCAAC,B cell,0.589099533194315
CTCAGTCTCGATTTCT,hematopoietic stem cell,0.536018395648272
ACGCACGGTGTTTACG,CD141-positive myeloid dendritic cell,0.841034599582662
CATCGGGAGTCCCAGC,plasma cell,1.0
AAAGAACAGCTACAAA,CD14-positive monocyte,0.503802173799851
TTCTTGATCTAACACG,B cell,1.0
AGGGAGTCAGCCCACA,B cell,0.501192121675334
ATGGTTGTCACTGGGC,plasma cell,1.0
AACTTCTGTCTACGAT,plasma cell,0.997361990442739